{
  "acc_mean": [
    -0.03684198645598194,
    -0.01986584972589488,
    -0.15908061915511126
  ],
  "acc_std": [
    0.4920335900291761,
    0.5192693947772892,
    0.676818488456932
  ],
  "gyro_mean": [
    -0.2551596259271202,
    0.30679812963560144,
    -0.07915317639471137
  ],
  "gyro_std": [
    21.54450371976191,
    8.031344101356172,
    8.540409335296104
  ],
  "mag_mean": [
    5.33395678813286,
    -3.5966784908094165,
    -6.8442760399871005
  ],
  "mag_std": [
    16.69651287533318,
    11.825653084572622,
    19.290913468207467
  ],
  "weights": {
    "acc": 1.0,
    "gyro": 1.0,
    "mag": 1.0
  }
}