{
  "acc_mean": [
    0.11407882117228035,
    -0.05025352850545417,
    0.06799059004917303
  ],
  "acc_std": [
    0.5231154091805787,
    0.4739286529227871,
    0.694604436378731
  ],
  "gyr_mean": [
    -0.6545908586060765,
    0.29120000352787717,
    -0.2711201219858102
  ],
  "gyr_std": [
    21.05253540931651,
    11.27825384580398,
    8.501902393856472
  ],
  "mag_mean": [
    -24.656206896551723,
    12.822931034482759,
    30.95109195402299
  ],
  "mag_std": [
    28.92012327843568,
    24.769151942702795,
    36.37391178547843
  ],
  "sr": 100,
  "window": 200
}